{
    "set0-0,1": {
        "R_pred": [
            [
                -0.23497771287894276,
                -0.15242826174985802,
                0.9599745306361506
            ],
            [
                0.06335680196914725,
                -0.9879289463191957,
                -0.14135880824655211
            ],
            [
                0.9699337039686903,
                0.02760474677587181,
                0.2417986514871756
            ]
        ],
        "R_gt": [
            [
                -0.11409380655660939,
                0.17186328928287717,
                0.9784915515006736
            ],
            [
                -0.207810577140993,
                -0.9672631784671836,
                0.14566013729270444
            ],
            [
                0.9714925156160346,
                -0.18672189491142657,
                0.14607359626913302
            ]
        ]
    },
    "set0-0,2": {
        "R_pred": [
            [
                0.5732347574139063,
                0.800968303173987,
                0.17277641680276845
            ],
            [
                -0.31851741041630255,
                0.023544092682890205,
                0.9476245749037074
            ],
            [
                0.7549493838359712,
                -0.5982436401754084,
                0.26861864201012536
            ]
        ],
        "R_gt": [
            [
                0.6604443351781693,
                0.7143577737398978,
                0.23131369410431468
            ],
            [
                -0.2896888840781069,
                -0.04180039283088788,
                0.9562076354707103
            ],
            [
                0.6927434827116161,
                -0.698530917331004,
                0.17933464177146657
            ]
        ]
    },
    "set0-0,3": {
        "R_pred": [
            [
                0.6073382782093915,
                0.7902057923615533,
                -0.0819452350042485
            ],
            [
                -0.3072301489364724,
                0.32874198853856773,
                0.8930500213068588
            ],
            [
                0.7326321392118453,
                -0.5172074155403785,
                0.4424326365718484
            ]
        ],
        "R_gt": [
            [
                0.6628764304075749,
                0.7481016584114775,
                -0.03063713075523852
            ],
            [
                -0.2914231639806048,
                0.29548335590219255,
                0.9098142239758542
            ],
            [
                0.689686420180992,
                -0.5941661295583269,
                0.41388320923405064
            ]
        ]
    },
    "set0-1,2": {
        "R_pred": [
            [
                0.6976190310012038,
                -0.7161665504410604,
                -0.020812486980022027
            ],
            [
                0.2941084543399151,
                0.3127381845012831,
                -0.9031583720702739
            ],
            [
                0.6533206752206204,
                0.6239393399876253,
                0.42880274642902994
            ]
        ],
        "R_gt": [
            [
                0.6653918429019584,
                -0.7450106975770227,
                -0.04703713357326911
            ],
            [
                0.2593057880032482,
                0.2897615141150112,
                -0.9213026080524257
            ],
            [
                0.7000100618248561,
                0.6008301725373333,
                0.38599054793620574
            ]
        ]
    },
    "set0-1,3": {
        "R_pred": [
            [
                0.6860342391184889,
                -0.6753601244051908,
                0.27063947443143094
            ],
            [
                0.37799975978629274,
                0.013009280982722915,
                -0.9257142864889887
            ],
            [
                0.6216696907189709,
                0.7373733524963575,
                0.26421077697486384
            ]
        ],
        "R_gt": [
            [
                0.6625238390351925,
                -0.7166488637797552,
                0.21789135671674148
            ],
            [
                0.2619614157934541,
                -0.0508402002885584,
                -0.9637383190991742
            ],
            [
                0.7017395184058572,
                0.6955787460572436,
                0.1540515009018551
            ]
        ]
    },
    "set0-2,3": {
        "R_pred": [
            [
                0.9998368056505815,
                -0.010214016854310988,
                0.014900869979346377
            ],
            [
                0.01312050523964957,
                0.9775486743846775,
                -0.21030083583052245
            ],
            [
                -0.012418309413839842,
                0.21046202286507626,
                0.9775231570263911
            ]
        ],
        "R_gt": [
            [
                0.9999908469097589,
                -0.0031233222780564507,
                0.0029176534309850073
            ],
            [
                0.003945273056255971,
                0.9371043744367425,
                -0.34902661137093405
            ],
            [
                -0.0016440603838883301,
                0.3490353506808379,
                0.9371080609490443
            ]
        ]
    },
    "set1-0,1": {
        "R_pred": [
            [
                -0.38268837348657925,
                0.49341697236230336,
                0.7810821340825912
            ],
            [
                -0.5161220395729026,
                -0.8153895922142292,
                0.2622171870336127
            ],
            [
                0.7662686533229087,
                -0.3027862353105428,
                0.5667034909378669
            ]
        ],
        "R_gt": [
            [
                -0.08464880597287089,
                0.16681403746677897,
                0.9823480081210931
            ],
            [
                -0.19987199977895836,
                -0.968690902559904,
                0.1472719889520635
            ],
            [
                0.976158717143103,
                -0.183877454461117,
                0.11533993616997995
            ]
        ]
    },
    "set1-0,2": {
        "R_pred": [
            [
                0.7865228400715614,
                0.6138865337636407,
                0.06726920327629354
            ],
            [
                -0.22791506579649726,
                0.1873066144748221,
                0.9554951360195187
            ],
            [
                0.5739656303549396,
                -0.7668504129474292,
                0.28723492011525
            ]
        ],
        "R_gt": [
            [
                0.6792527180244794,
                0.6925494391537316,
                0.24288073329335444
            ],
            [
                -0.2864966988715264,
                -0.054464742679986286,
                0.9565319153439725
            ],
            [
                0.6756739740913449,
                -0.7193112607850409,
                0.1614177913206236
            ]
        ]
    },
    "set1-0,3": {
        "R_pred": [
            [
                0.6966066005347552,
                0.716690253670247,
                -0.03308057414085619
            ],
            [
                -0.3234570219362808,
                0.35488096886501197,
                0.8771744711843491
            ],
            [
                0.6404020604678939,
                -0.6003453824520574,
                0.47903092041847206
            ]
        ],